
{
  "header": {
    "reportVersion": 1,
    "event": "Allocation failed - JavaScript heap out of memory",
    "trigger": "FatalError",
    "filename": "report.20210604.094901.9320.0.001.json",
    "dumpEventTime": "2021-06-04T09:49:01Z",
    "dumpEventTimeStamp": "1622780341638",
    "processId": 9320,
    "cwd": "E:\\Chandani\\Blogs\\spfx-persona",
    "commandLine": [
      "node",
      "C:\\Users\\chand\\AppData\\Roaming\\npm\\\\node_modules\\gulp\\bin\\gulp.js",
      "serve"
    ],
    "nodejsVersion": "v12.14.1",
    "wordSize": 64,
    "arch": "x64",
    "platform": "win32",
    "componentVersions": {
      "node": "12.14.1",
      "v8": "7.7.299.13-node.16",
      "uv": "1.33.1",
      "zlib": "1.2.11",
      "brotli": "1.0.7",
      "ares": "1.15.0",
      "modules": "72",
      "nghttp2": "1.40.0",
      "napi": "5",
      "llhttp": "2.0.1",
      "http_parser": "2.8.0",
      "openssl": "1.1.1d",
      "cldr": "35.1",
      "icu": "64.2",
      "tz": "2019c",
      "unicode": "12.1"
    },
    "release": {
      "name": "node",
      "lts": "Erbium",
      "headersUrl": "https://nodejs.org/download/release/v12.14.1/node-v12.14.1-headers.tar.gz",
      "sourceUrl": "https://nodejs.org/download/release/v12.14.1/node-v12.14.1.tar.gz",
      "libUrl": "https://nodejs.org/download/release/v12.14.1/win-x64/node.lib"
    },
    "osName": "Windows_NT",
    "osRelease": "10.0.19042",
    "osVersion": "Windows 10 Home Single Language",
    "osMachine": "x86_64",
    "cpus": [
      {
        "model": "Intel(R) Core(TM) i5-8265U CPU @ 1.60GHz",
        "speed": 1800,
        "user": 17738484,
        "nice": 0,
        "sys": 20385406,
        "idle": 240703812,
        "irq": 7591578
      },
      {
        "model": "Intel(R) Core(TM) i5-8265U CPU @ 1.60GHz",
        "speed": 1800,
        "user": 12440171,
        "nice": 0,
        "sys": 4972656,
        "idle": 261414437,
        "irq": 433453
      },
      {
        "model": "Intel(R) Core(TM) i5-8265U CPU @ 1.60GHz",
        "speed": 1800,
        "user": 26530765,
        "nice": 0,
        "sys": 9013234,
        "idle": 243283265,
        "irq": 202718
      },
      {
        "model": "Intel(R) Core(TM) i5-8265U CPU @ 1.60GHz",
        "speed": 1800,
        "user": 15473265,
        "nice": 0,
        "sys": 4780500,
        "idle": 258573515,
        "irq": 111468
      },
      {
        "model": "Intel(R) Core(TM) i5-8265U CPU @ 1.60GHz",
        "speed": 1800,
        "user": 23743140,
        "nice": 0,
        "sys": 8291500,
        "idle": 246792640,
        "irq": 203312
      },
      {
        "model": "Intel(R) Core(TM) i5-8265U CPU @ 1.60GHz",
        "speed": 1800,
        "user": 14307031,
        "nice": 0,
        "sys": 4646015,
        "idle": 259874218,
        "irq": 136578
      },
      {
        "model": "Intel(R) Core(TM) i5-8265U CPU @ 1.60GHz",
        "speed": 1800,
        "user": 20688015,
        "nice": 0,
        "sys": 6055562,
        "idle": 252083687,
        "irq": 162203
      },
      {
        "model": "Intel(R) Core(TM) i5-8265U CPU @ 1.60GHz",
        "speed": 1800,
        "user": 16458015,
        "nice": 0,
        "sys": 4783671,
        "idle": 257585578,
        "irq": 104250
      }
    ],
    "networkInterfaces": [
      {
        "name": "Wi-Fi",
        "internal": false,
        "mac": "70:66:55:2d:c5:39",
        "address": "fe80::7507:ee0b:69f6:446b",
        "netmask": "ffff:ffff:ffff:ffff::",
        "family": "IPv6",
        "scopeid": 16
      },
      {
        "name": "Wi-Fi",
        "internal": false,
        "mac": "70:66:55:2d:c5:39",
        "address": "192.168.0.110",
        "netmask": "255.255.255.0",
        "family": "IPv4"
      },
      {
        "name": "Loopback Pseudo-Interface 1",
        "internal": true,
        "mac": "00:00:00:00:00:00",
        "address": "::1",
        "netmask": "ffff:ffff:ffff:ffff:ffff:ffff:ffff:ffff",
        "family": "IPv6",
        "scopeid": 0
      },
      {
        "name": "Loopback Pseudo-Interface 1",
        "internal": true,
        "mac": "00:00:00:00:00:00",
        "address": "127.0.0.1",
        "netmask": "255.0.0.0",
        "family": "IPv4"
      }
    ],
    "host": "DESKTOP-8QJ03GL"
  },
  "javascriptStack": {
    "message": "No stack.",
    "stack": [
      "Unavailable."
    ]
  },
  "nativeStack": [
    {
      "pc": "0x00007ff788d11759",
      "symbol": "std::basic_ostream<char,std::char_traits<char> >::operator<<+10873"
    },
    {
      "pc": "0x00007ff788d15b7c",
      "symbol": "std::basic_ostream<char,std::char_traits<char> >::operator<<+28316"
    },
    {
      "pc": "0x00007ff788d14b38",
      "symbol": "std::basic_ostream<char,std::char_traits<char> >::operator<<+24152"
    },
    {
      "pc": "0x00007ff788e0433b",
      "symbol": "v8::base::CPU::has_sse+37723"
    },
    {
      "pc": "0x00007ff789608c5e",
      "symbol": "v8::Isolate::ReportExternalAllocationLimitReached+94"
    },
    {
      "pc": "0x00007ff7895f0ca1",
      "symbol": "v8::SharedArrayBuffer::Externalize+833"
    },
    {
      "pc": "0x00007ff7894be56c",
      "symbol": "v8::internal::Heap::EphemeronKeyWriteBarrierFromCode+1436"
    },
    {
      "pc": "0x00007ff7894c9910",
      "symbol": "v8::internal::Heap::ProtectUnprotectedMemoryChunks+1312"
    },
    {
      "pc": "0x00007ff7894c6444",
      "symbol": "v8::internal::Heap::PageFlagsAreConsistent+3204"
    },
    {
      "pc": "0x00007ff7894bbcd3",
      "symbol": "v8::internal::Heap::CollectGarbage+1283"
    },
    {
      "pc": "0x00007ff7894ba4a4",
      "symbol": "v8::internal::Heap::AddRetainedMap+2356"
    },
    {
      "pc": "0x00007ff7894db775",
      "symbol": "v8::internal::Factory::NewFillerObject+53"
    },
    {
      "pc": "0x00007ff7892478d7",
      "symbol": "v8::internal::interpreter::JumpTableTargetOffsets::iterator::operator=+3687"
    },
    {
      "pc": "0x00007ff789a3463d",
      "symbol": "v8::internal::SetupIsolateDelegate::SetupHeap+567949"
    },
    {
      "pc": "0x00000184c28a7ec1",
      "symbol": ""
    }
  ],
  "javascriptHeap": {
    "totalMemory": 2188390400,
    "totalCommittedMemory": 2188390400,
    "usedMemory": 2110792952,
    "availableMemory": 55283656,
    "memoryLimit": 2197815296,
    "heapSpaces": {
      "read_only_space": {
        "memorySize": 262144,
        "committedMemory": 262144,
        "capacity": 261872,
        "used": 32296,
        "available": 229576
      },
      "new_space": {
        "memorySize": 33554432,
        "committedMemory": 33554432,
        "capacity": 16759808,
        "used": 1191736,
        "available": 15568072
      },
      "old_space": {
        "memorySize": 2063183872,
        "committedMemory": 2063183872,
        "capacity": 2032599408,
        "used": 2019298104,
        "available": 13301304
      },
      "code_space": {
        "memorySize": 1736704,
        "committedMemory": 1736704,
        "capacity": 1420352,
        "used": 1420352,
        "available": 0
      },
      "map_space": {
        "memorySize": 3149824,
        "committedMemory": 3149824,
        "capacity": 2492240,
        "used": 2492240,
        "available": 0
      },
      "large_object_space": {
        "memorySize": 85880832,
        "committedMemory": 85880832,
        "capacity": 85807824,
        "used": 85807824,
        "available": 0
      },
      "code_large_object_space": {
        "memorySize": 622592,
        "committedMemory": 622592,
        "capacity": 550400,
        "used": 550400,
        "available": 0
      },
      "new_large_object_space": {
        "memorySize": 0,
        "committedMemory": 0,
        "capacity": 16759808,
        "used": 0,
        "available": 16759808
      }
    }
  },
  "resourceUsage": {
    "userCpuSeconds": 267.609,
    "kernelCpuSeconds": 67.937,
    "cpuConsumptionPercent": 135.301,
    "maxRss": 2483576832,
    "pageFaults": {
      "IORequired": 909575,
      "IONotRequired": 0
    },
    "fsActivity": {
      "reads": 6170,
      "writes": 11
    }
  },
  "libuv": [
  ],
  "environmentVariables": {
    "=C:": "C:\\",
    "=E:": "E:\\Chandani\\Blogs\\spfx-persona",
    "ALLUSERSPROFILE": "C:\\ProgramData",
    "APPDATA": "C:\\Users\\chand\\AppData\\Roaming",
    "CHROME_CRASHPAD_PIPE_NAME": "\\\\.\\pipe\\crashpad_1916_VVSNIJFSCTYKZPRA",
    "CommonProgramFiles": "C:\\Program Files\\Common Files",
    "CommonProgramFiles(x86)": "C:\\Program Files (x86)\\Common Files",
    "CommonProgramW6432": "C:\\Program Files\\Common Files",
    "COMPUTERNAME": "DESKTOP-8QJ03GL",
    "ComSpec": "C:\\WINDOWS\\system32\\cmd.exe",
    "dp0": "C:\\Users\\chand\\AppData\\Roaming\\npm\\",
    "DriverData": "C:\\Windows\\System32\\Drivers\\DriverData",
    "FPS_BROWSER_APP_PROFILE_STRING": "Internet Explorer",
    "FPS_BROWSER_USER_PROFILE_STRING": "Default",
    "HOMEDRIVE": "C:",
    "HOMEPATH": "\\Users\\chand",
    "INIT_CWD": "E:\\Chandani\\Blogs\\spfx-persona",
    "LOCALAPPDATA": "C:\\Users\\chand\\AppData\\Local",
    "LOGONSERVER": "\\\\DESKTOP-8QJ03GL",
    "NUMBER_OF_PROCESSORS": "8",
    "OneDrive": "C:\\Users\\chand\\OneDrive",
    "OneDriveConsumer": "C:\\Users\\chand\\OneDrive",
    "ORIGINAL_XDG_CURRENT_DESKTOP": "undefined",
    "OS": "Windows_NT",
    "Path": "C:\\Program Files (x86)\\Common Files\\Oracle\\Java\\javapath;C:\\WINDOWS\\system32;C:\\WINDOWS;C:\\WINDOWS\\System32\\Wbem;C:\\WINDOWS\\System32\\WindowsPowerShell\\v1.0\\;C:\\WINDOWS\\System32\\OpenSSH\\;C:\\Program Files\\Git\\cmd;C:\\Program Files\\Microsoft VS Code\\bin;C:\\Program Files\\nodejs\\;C:\\Users\\chand\\AppData\\Local\\Microsoft\\WindowsApps;C:\\Users\\chand\\AppData\\Local\\Programs\\Microsoft VS Code\\bin;C:\\Users\\chand\\AppData\\Roaming\\npm",
    "PATHEXT": ".COM;.EXE;.BAT;.CMD;.VBS;.VBE;.JSE;.WSF;.WSH;.MSC",
    "PROCESSOR_ARCHITECTURE": "AMD64",
    "PROCESSOR_IDENTIFIER": "Intel64 Family 6 Model 142 Stepping 12, GenuineIntel",
    "PROCESSOR_LEVEL": "6",
    "PROCESSOR_REVISION": "8e0c",
    "ProgramData": "C:\\ProgramData",
    "ProgramFiles": "C:\\Program Files",
    "ProgramFiles(x86)": "C:\\Program Files (x86)",
    "ProgramW6432": "C:\\Program Files",
    "PROMPT": "$P$G",
    "PSModulePath": "C:\\Program Files\\WindowsPowerShell\\Modules;C:\\WINDOWS\\system32\\WindowsPowerShell\\v1.0\\Modules",
    "PUBLIC": "C:\\Users\\Public",
    "SESSIONNAME": "Console",
    "SystemDrive": "C:",
    "SystemRoot": "C:\\WINDOWS",
    "TEMP": "C:\\Users\\chand\\AppData\\Local\\Temp",
    "TMP": "C:\\Users\\chand\\AppData\\Local\\Temp",
    "USERDOMAIN": "DESKTOP-8QJ03GL",
    "USERDOMAIN_ROAMINGPROFILE": "DESKTOP-8QJ03GL",
    "USERNAME": "Chandani",
    "USERPROFILE": "C:\\Users\\chand",
    "windir": "C:\\WINDOWS",
    "ZES_ENABLE_SYSMAN": "1",
    "TERM_PROGRAM": "vscode",
    "TERM_PROGRAM_VERSION": "1.56.2",
    "LANG": "en_US.UTF-8",
    "COLORTERM": "truecolor",
    "VSCODE_GIT_IPC_HANDLE": "\\\\.\\pipe\\vscode-git-3e0e167fbb-sock",
    "GIT_ASKPASS": "c:\\Users\\chand\\AppData\\Local\\Programs\\Microsoft VS Code\\resources\\app\\extensions\\git\\dist\\askpass.sh",
    "VSCODE_GIT_ASKPASS_NODE": "C:\\Users\\chand\\AppData\\Local\\Programs\\Microsoft VS Code\\Code.exe",
    "VSCODE_GIT_ASKPASS_MAIN": "c:\\Users\\chand\\AppData\\Local\\Programs\\Microsoft VS Code\\resources\\app\\extensions\\git\\dist\\askpass-main.js",
    "_prog": "node"
  },
  "sharedObjects": [
    "C:\\Program Files\\nodejs\\node.exe",
    "C:\\WINDOWS\\SYSTEM32\\ntdll.dll",
    "C:\\WINDOWS\\System32\\KERNEL32.DLL",
    "C:\\WINDOWS\\System32\\KERNELBASE.dll",
    "C:\\WINDOWS\\System32\\WS2_32.dll",
    "C:\\WINDOWS\\System32\\RPCRT4.dll",
    "C:\\WINDOWS\\System32\\ADVAPI32.dll",
    "C:\\WINDOWS\\SYSTEM32\\dbghelp.dll",
    "C:\\WINDOWS\\System32\\ucrtbase.dll",
    "C:\\WINDOWS\\System32\\msvcrt.dll",
    "C:\\WINDOWS\\System32\\sechost.dll",
    "C:\\WINDOWS\\System32\\USER32.dll",
    "C:\\WINDOWS\\System32\\win32u.dll",
    "C:\\WINDOWS\\System32\\GDI32.dll",
    "C:\\WINDOWS\\System32\\gdi32full.dll",
    "C:\\WINDOWS\\System32\\msvcp_win.dll",
    "C:\\WINDOWS\\System32\\PSAPI.DLL",
    "C:\\WINDOWS\\System32\\CRYPT32.dll",
    "C:\\WINDOWS\\System32\\bcrypt.dll",
    "C:\\WINDOWS\\SYSTEM32\\IPHLPAPI.DLL",
    "C:\\WINDOWS\\SYSTEM32\\USERENV.dll",
    "C:\\WINDOWS\\SYSTEM32\\WINMM.dll",
    "C:\\WINDOWS\\System32\\IMM32.DLL",
    "C:\\WINDOWS\\SYSTEM32\\powrprof.dll",
    "C:\\WINDOWS\\SYSTEM32\\UMPDC.dll",
    "C:\\WINDOWS\\SYSTEM32\\CRYPTBASE.DLL",
    "C:\\WINDOWS\\system32\\uxtheme.dll",
    "C:\\WINDOWS\\System32\\combase.dll",
    "C:\\WINDOWS\\system32\\mswsock.dll",
    "C:\\WINDOWS\\SYSTEM32\\kernel.appcore.dll",
    "C:\\WINDOWS\\System32\\bcryptprimitives.dll",
    "\\\\?\\E:\\Chandani\\Blogs\\spfx-persona\\node_modules\\node-sass\\vendor\\win32-x64-72\\binding.node",
    "\\\\?\\E:\\Chandani\\Blogs\\spfx-persona\\node_modules\\deasync\\bin\\win32-x64-node-12\\deasync.node",
    "\\\\?\\E:\\Chandani\\Blogs\\spfx-persona\\node_modules\\keytar\\build\\Release\\keytar.node",
    "C:\\WINDOWS\\System32\\NSI.dll",
    "C:\\WINDOWS\\SYSTEM32\\dhcpcsvc6.DLL",
    "C:\\WINDOWS\\SYSTEM32\\dhcpcsvc.DLL",
    "C:\\WINDOWS\\SYSTEM32\\DNSAPI.dll",
    "C:\\WINDOWS\\system32\\napinsp.dll",
    "C:\\WINDOWS\\system32\\pnrpnsp.dll",
    "C:\\WINDOWS\\system32\\wshbth.dll",
    "C:\\WINDOWS\\system32\\NLAapi.dll",
    "C:\\WINDOWS\\System32\\winrnr.dll",
    "C:\\Windows\\System32\\rasadhlp.dll",
    "C:\\WINDOWS\\System32\\fwpuclnt.dll"
  ]
}