{
  "id": "da4091e6-6021-40e7-8990-a915c670eea7",
  "alias": "SpfxpersonaWebPart",
  "componentType": "WebPart",
  "version": "0.0.1",
  "manifestVersion": 2,
  "requiresCustomScript": false,
  "supportedHosts": [
    "SharePointWebPart"
  ],
  "preconfiguredEntries": [
    {
      "groupId": "5c03119e-3074-46fd-976b-c60198311f70",
      "group": {
        "default": "Other"
      },
      "title": {
        "default": "spfxpersona"
      },
      "description": {
        "default": "spfxpersona description"
      },
      "officeFabricIconFontName": "Page",
      "properties": {
        "description": "spfxpersona"
      }
    }
  ],
  "loaderConfig": {
    "internalModuleBaseUrls": [
      "<!-- PATH TO CDN -->"
    ],
    "entryModuleId": "spfxpersona-web-part",
    "scriptResources": {
      "spfxpersona-web-part": {
        "type": "path",
        "path": "spfxpersona-web-part_3193f557ec7445545844.js"
      },
      "SpfxpersonaWebPartStrings": {
        "type": "path",
        "path": "SpfxpersonaWebPartStrings_en-us_b41dd8b4c7f5f69692bd8f24e2b83745.js"
      },
      "@microsoft/sp-property-pane": {
        "type": "component",
        "id": "f9e737b7-f0df-4597-ba8c-3060f82380db",
        "version": "1.12.1"
      },
      "@microsoft/sp-core-library": {
        "type": "component",
        "id": "7263c7d0-1d6a-45ec-8d85-d4d1d234171b",
        "version": "1.12.1"
      },
      "@microsoft/sp-webpart-base": {
        "type": "component",
        "id": "974a7777-0990-4136-8fa6-95d80114c2e0",
        "version": "1.12.1"
      },
      "react": {
        "type": "component",
        "id": "0d910c1c-13b9-4e1c-9aa4-b008c5e42d7d",
        "version": "16.9.0"
      },
      "react-dom": {
        "type": "component",
        "id": "aa0a46ec-1505-43cd-a44a-93f3a5aa460a",
        "version": "16.9.0"
      }
    }
  }
}